Word1,Word2,Experiment,boardnames
void,couch,E1,e1_board1_words
giggle,abnormal,E1,e1_board1_words
exam,algebra,E1,e1_board1_words
tea,bean,E1,e1_board10_words
tourist,comedy,E1,e1_board10_words
pendulum,dusk,E1,e1_board10_words
beginning,brake,E1,e1_board2_words
birds,aircraft,E1,e1_board2_words
school,stop,E1,e1_board2_words
circle,dance,E1,e1_board3_words
famine,calorie,E1,e1_board3_words
hundred,economy,E1,e1_board3_words
corpse,fight,E1,e1_board4_words
graph,copy,E1,e1_board4_words
kitchen,egg,E1,e1_board4_words
near,astronaut,E1,e1_board5_words
homeless,apartment,E1,e1_board5_words
onion,cigarette,E1,e1_board5_words
pants,collar,E1,e1_board6_words
definition,assist,E1,e1_board6_words
war,quiet,E1,e1_board6_words
flat,alike,E1,e1_board7_words
perjury,adultery,E1,e1_board7_words
heavy,feather,E1,e1_board7_words
breeze,bubble,E1,e1_board8_words
bad,actress,E1,e1_board8_words
communicate,cooking,E1,e1_board8_words
bat,bounce,E1,e1_board9_words
toes,Dracula,E1,e1_board9_words
lunch,almond,E1,e1_board9_words
cave,knight,E2,e2_board1_words
quick,glow,E2,e2_board1_words
tree,oak,E2,e2_board1_words
garage,bone,E2,e2_board10_words
feet,chapel,E2,e2_board10_words
chair,table,E2,e2_board10_words
stern,wind,E2,e2_board2_words
sun,bowl,E2,e2_board2_words
gold,silver,E2,e2_board2_words
holy,kind,E2,e2_board3_words
teeth,gums,E2,e2_board3_words
rude,regret,E2,e2_board3_words
dream,bet,E2,e2_board4_words
jump,leap,E2,e2_board4_words
travel,ankle,E2,e2_board4_words
snake,ash,E2,e2_board5_words
hand,birth,E2,e2_board5_words
lion,tiger,E2,e2_board5_words
elm,rock,E2,e2_board6_words
crust,boot,E2,e2_board6_words
sit,stand,E2,e2_board6_words
east,short,E2,e2_board7_words
old,new,E2,e2_board7_words
glass,cage,E2,e2_board7_words
giant,subtle,E2,e2_board8_words
army,drum,E2,e2_board8_words
happy,sad,E2,e2_board8_words
weird,trauma,E2,e2_board9_words
olive,real,E2,e2_board9_words
candle,wick,E2,e2_board9_words