Experiment,Board,Word1,Word2,Clue1,clueCount,wordpair
E1,TrialList1,exam,algebra,calculus,1,exam - algebra
E1,TrialList1,exam,algebra,equation,1,exam - algebra
E1,TrialList1,exam,algebra,knowledge,1,exam - algebra
E1,TrialList1,exam,algebra,math,22,exam - algebra
E1,TrialList1,exam,algebra,school,2,exam - algebra
E1,TrialList1,exam,algebra,study,1,exam - algebra
E1,TrialList1,exam,algebra,test,3,exam - algebra
E1,TrialList1,giggle,abnormal,awkward,1,giggle - abnormal
E1,TrialList1,giggle,abnormal,cackle,1,giggle - abnormal
E1,TrialList1,giggle,abnormal,comedy,2,giggle - abnormal
E1,TrialList1,giggle,abnormal,embarrass,1,giggle - abnormal
E1,TrialList1,giggle,abnormal,emotion,1,giggle - abnormal
E1,TrialList1,giggle,abnormal,extravert,1,giggle - abnormal
E1,TrialList1,giggle,abnormal,funny,3,giggle - abnormal
E1,TrialList1,giggle,abnormal,giddy,1,giggle - abnormal
E1,TrialList1,giggle,abnormal,goofy,1,giggle - abnormal
E1,TrialList1,giggle,abnormal,happy,1,giggle - abnormal
E1,TrialList1,giggle,abnormal,hilarious,1,giggle - abnormal
E1,TrialList1,giggle,abnormal,hysterical,2,giggle - abnormal
E1,TrialList1,giggle,abnormal,insane,1,giggle - abnormal
E1,TrialList1,giggle,abnormal,laugh,3,giggle - abnormal
E1,TrialList1,giggle,abnormal,outburst,1,giggle - abnormal
E1,TrialList1,giggle,abnormal,quirky,1,giggle - abnormal
E1,TrialList1,giggle,abnormal,silly,1,giggle - abnormal
E1,TrialList1,giggle,abnormal,snort,4,giggle - abnormal
E1,TrialList1,giggle,abnormal,standout,1,giggle - abnormal
E1,TrialList1,giggle,abnormal,weird,3,giggle - abnormal
E1,TrialList1,void,couch,alone,2,void - couch
E1,TrialList1,void,couch,comfort,1,void - couch
E1,TrialList1,void,couch,comfortable,1,void - couch
E1,TrialList1,void,couch,crack,1,void - couch
E1,TrialList1,void,couch,depress,1,void - couch
E1,TrialList1,void,couch,depressed,1,void - couch
E1,TrialList1,void,couch,empty,2,void - couch
E1,TrialList1,void,couch,furniture,1,void - couch
E1,TrialList1,void,couch,lazy,5,void - couch
E1,TrialList1,void,couch,move,1,void - couch
E1,TrialList1,void,couch,pillow,1,void - couch
E1,TrialList1,void,couch,purchase,1,void - couch
E1,TrialList1,void,couch,relax,2,void - couch
E1,TrialList1,void,couch,seat,1,void - couch
E1,TrialList1,void,couch,seatcheck,1,void - couch
E1,TrialList1,void,couch,sedentary,1,void - couch
E1,TrialList1,void,couch,sit,2,void - couch
E1,TrialList1,void,couch,sofa,1,void - couch
E1,TrialList1,void,couch,space,2,void - couch
E1,TrialList1,void,couch,stare,1,void - couch
E1,TrialList1,void,couch,store,1,void - couch
E1,TrialList1,void,couch,weekend,1,void - couch
E1,TrialList10,pendulum,dusk,change,1,pendulum - dusk
E1,TrialList10,pendulum,dusk,clock,6,pendulum - dusk
E1,TrialList10,pendulum,dusk,cycle,1,pendulum - dusk
E1,TrialList10,pendulum,dusk,end,2,pendulum - dusk
E1,TrialList10,pendulum,dusk,evening,1,pendulum - dusk
E1,TrialList10,pendulum,dusk,hypnotize,1,pendulum - dusk
E1,TrialList10,pendulum,dusk,light,1,pendulum - dusk
E1,TrialList10,pendulum,dusk,midnight,1,pendulum - dusk
E1,TrialList10,pendulum,dusk,repetitious,1,pendulum - dusk
E1,TrialList10,pendulum,dusk,right,1,pendulum - dusk
E1,TrialList10,pendulum,dusk,sun,1,pendulum - dusk
E1,TrialList10,pendulum,dusk,sunset,1,pendulum - dusk
E1,TrialList10,pendulum,dusk,swing,5,pendulum - dusk
E1,TrialList10,pendulum,dusk,time,8,pendulum - dusk
E1,TrialList10,tea,bean,beverage,1,tea - bean
E1,TrialList10,tea,bean,black,1,tea - bean
E1,TrialList10,tea,bean,Boston,1,tea - bean
E1,TrialList10,tea,bean,cafe,2,tea - bean
E1,TrialList10,tea,bean,caffeine,1,tea - bean
E1,TrialList10,tea,bean,coffee,10,tea - bean
E1,TrialList10,tea,bean,drink,6,tea - bean
E1,TrialList10,tea,bean,food,1,tea - bean
E1,TrialList10,tea,bean,green,2,tea - bean
E1,TrialList10,tea,bean,legume,1,tea - bean
E1,TrialList10,tea,bean,plant,1,tea - bean
E1,TrialList10,tea,bean,roast,1,tea - bean
E1,TrialList10,tea,bean,Starbucks,1,tea - bean
E1,TrialList10,tea,bean,time,1,tea - bean
E1,TrialList10,tea,bean,vanilla,1,tea - bean
E1,TrialList10,tourist,comedy,activity,1,tourist - comedy
E1,TrialList10,tourist,comedy,attraction,1,tourist - comedy
E1,TrialList10,tourist,comedy,audience,1,tourist - comedy
E1,TrialList10,tourist,comedy,Aziz,1,tourist - comedy
E1,TrialList10,tourist,comedy,Borat,1,tourist - comedy
E1,TrialList10,tourist,comedy,cinema,1,tourist - comedy
E1,TrialList10,tourist,comedy,cruise,1,tourist - comedy
E1,TrialList10,tourist,comedy,Ellen,1,tourist - comedy
E1,TrialList10,tourist,comedy,enjoy,1,tourist - comedy
E1,TrialList10,tourist,comedy,entertain,2,tourist - comedy
E1,TrialList10,tourist,comedy,fun,1,tourist - comedy
E1,TrialList10,tourist,comedy,funny,1,tourist - comedy
E1,TrialList10,tourist,comedy,happy,1,tourist - comedy
E1,TrialList10,tourist,comedy,Hawaii,1,tourist - comedy
E1,TrialList10,tourist,comedy,Las Vegas,1,tourist - comedy
E1,TrialList10,tourist,comedy,laugh,4,tourist - comedy
E1,TrialList10,tourist,comedy,performance,1,tourist - comedy
E1,TrialList10,tourist,comedy,plan,1,tourist - comedy
E1,TrialList10,tourist,comedy,show,2,tourist - comedy
E1,TrialList10,tourist,comedy,sightseeing,1,tourist - comedy
E1,TrialList10,tourist,comedy,tacky,1,tourist - comedy
E1,TrialList10,tourist,comedy,theatre,1,tourist - comedy
E1,TrialList10,tourist,comedy,ticket,1,tourist - comedy
E1,TrialList10,tourist,comedy,travel,2,tourist - comedy
E1,TrialList10,tourist,comedy,vacation,1,tourist - comedy
E1,TrialList2,beginning,brake,abrupt,1,beginning - brake
E1,TrialList2,beginning,brake,bicycle,1,beginning - brake
E1,TrialList2,beginning,brake,bike,1,beginning - brake
E1,TrialList2,beginning,brake,car,1,beginning - brake
E1,TrialList2,beginning,brake,cautious,1,beginning - brake
E1,TrialList2,beginning,brake,drive,1,beginning - brake
E1,TrialList2,beginning,brake,driver,1,beginning - brake
E1,TrialList2,beginning,brake,end,1,beginning - brake
E1,TrialList2,beginning,brake,ignition,1,beginning - brake
E1,TrialList2,beginning,brake,license,1,beginning - brake
E1,TrialList2,beginning,brake,manual,1,beginning - brake
E1,TrialList2,beginning,brake,new,1,beginning - brake
E1,TrialList2,beginning,brake,race,1,beginning - brake
E1,TrialList2,beginning,brake,restart,1,beginning - brake
E1,TrialList2,beginning,brake,slow,2,beginning - brake
E1,TrialList2,beginning,brake,start,9,beginning - brake
E1,TrialList2,beginning,brake,stop,2,beginning - brake
E1,TrialList2,beginning,brake,stoplight,1,beginning - brake
E1,TrialList2,beginning,brake,time,2,beginning - brake
E1,TrialList2,beginning,brake,tricycle,1,beginning - brake
E1,TrialList2,birds,aircraft,flight,8,birds - aircraft
E1,TrialList2,birds,aircraft,fly,20,birds - aircraft
E1,TrialList2,birds,aircraft,sky,2,birds - aircraft
E1,TrialList2,birds,aircraft,turbine,1,birds - aircraft
E1,TrialList2,school,stop,break,1,school - stop
E1,TrialList2,school,stop,bus,6,school - stop
E1,TrialList2,school,stop,cancel,1,school - stop
E1,TrialList2,school,stop,children,1,school - stop
E1,TrialList2,school,stop,class,1,school - stop
E1,TrialList2,school,stop,cross,1,school - stop
E1,TrialList2,school,stop,crosswalk,3,school - stop
E1,TrialList2,school,stop,education,1,school - stop
E1,TrialList2,school,stop,end,1,school - stop
E1,TrialList2,school,stop,graduate,3,school - stop
E1,TrialList2,school,stop,graduation,2,school - stop
E1,TrialList2,school,stop,learn,1,school - stop
E1,TrialList2,school,stop,red,1,school - stop
E1,TrialList2,school,stop,safety,1,school - stop
E1,TrialList2,school,stop,schedule,1,school - stop
E1,TrialList2,school,stop,sign,1,school - stop
E1,TrialList2,school,stop,sky,1,school - stop
E1,TrialList2,school,stop,summer,1,school - stop
E1,TrialList2,school,stop,suspension,1,school - stop
E1,TrialList2,school,stop,vacation,1,school - stop
E1,TrialList2,school,stop,washu,1,school - stop
E1,TrialList3,circle,dance,art,1,circle - dance
E1,TrialList3,circle,dance,campfire,1,circle - dance
E1,TrialList3,circle,dance,celebration,2,circle - dance
E1,TrialList3,circle,dance,choreography,1,circle - dance
E1,TrialList3,circle,dance,circus,1,circle - dance
E1,TrialList3,circle,dance,formation,1,circle - dance
E1,TrialList3,circle,dance,group,1,circle - dance
E1,TrialList3,circle,dance,hula,1,circle - dance
E1,TrialList3,circle,dance,K-pop,1,circle - dance
E1,TrialList3,circle,dance,mixer,1,circle - dance
E1,TrialList3,circle,dance,moshpit,2,circle - dance
E1,TrialList3,circle,dance,move,2,circle - dance
E1,TrialList3,circle,dance,movement,1,circle - dance
E1,TrialList3,circle,dance,party,2,circle - dance
E1,TrialList3,circle,dance,performance,1,circle - dance
E1,TrialList3,circle,dance,prom,1,circle - dance
E1,TrialList3,circle,dance,ritual,1,circle - dance
E1,TrialList3,circle,dance,round,1,circle - dance
E1,TrialList3,circle,dance,shape,1,circle - dance
E1,TrialList3,circle,dance,social,1,circle - dance
E1,TrialList3,circle,dance,spin,4,circle - dance
E1,TrialList3,circle,dance,square,1,circle - dance
E1,TrialList3,circle,dance,squaredance,1,circle - dance
E1,TrialList3,circle,dance,twirl,1,circle - dance
E1,TrialList3,famine,calorie,anorexia,1,famine - calorie
E1,TrialList3,famine,calorie,appetite,1,famine - calorie
E1,TrialList3,famine,calorie,deficit,1,famine - calorie
E1,TrialList3,famine,calorie,diet,1,famine - calorie
E1,TrialList3,famine,calorie,food,18,famine - calorie
E1,TrialList3,famine,calorie,hunger,5,famine - calorie
E1,TrialList3,famine,calorie,potato,1,famine - calorie
E1,TrialList3,famine,calorie,starve,3,famine - calorie
E1,TrialList3,hundred,economy,Benjamin,1,hundred - economy
E1,TrialList3,hundred,economy,cash,1,hundred - economy
E1,TrialList3,hundred,economy,dollar,3,hundred - economy
E1,TrialList3,hundred,economy,dollars,1,hundred - economy
E1,TrialList3,hundred,economy,fortune,1,hundred - economy
E1,TrialList3,hundred,economy,large,1,hundred - economy
E1,TrialList3,hundred,economy,monetary,1,hundred - economy
E1,TrialList3,hundred,economy,money,13,hundred - economy
E1,TrialList3,hundred,economy,monopoly,1,hundred - economy
E1,TrialList3,hundred,economy,number,2,hundred - economy
E1,TrialList3,hundred,economy,percentage,1,hundred - economy
E1,TrialList3,hundred,economy,price,1,hundred - economy
E1,TrialList3,hundred,economy,rich,2,hundred - economy
E1,TrialList3,hundred,economy,stock,1,hundred - economy
E1,TrialList3,hundred,economy,Wall Street,1,hundred - economy
E1,TrialList4,corpse,fight,abuse,1,corpse - fight
E1,TrialList4,corpse,fight,battle,3,corpse - fight
E1,TrialList4,corpse,fight,body,1,corpse - fight
E1,TrialList4,corpse,fight,dark,1,corpse - fight
E1,TrialList4,corpse,fight,dead,2,corpse - fight
E1,TrialList4,corpse,fight,death,6,corpse - fight
E1,TrialList4,corpse,fight,fatal,1,corpse - fight
E1,TrialList4,corpse,fight,funeral,1,corpse - fight
E1,TrialList4,corpse,fight,gladiator,1,corpse - fight
E1,TrialList4,corpse,fight,gun,1,corpse - fight
E1,TrialList4,corpse,fight,Hamilton,1,corpse - fight
E1,TrialList4,corpse,fight,kill,1,corpse - fight
E1,TrialList4,corpse,fight,knockout,1,corpse - fight
E1,TrialList4,corpse,fight,murder,1,corpse - fight
E1,TrialList4,corpse,fight,war,7,corpse - fight
E1,TrialList4,corpse,fight,zombie,2,corpse - fight
E1,TrialList4,graph,copy,analyze,1,graph - copy
E1,TrialList4,graph,copy,cheat,1,graph - copy
E1,TrialList4,graph,copy,computer,2,graph - copy
E1,TrialList4,graph,copy,data,2,graph - copy
E1,TrialList4,graph,copy,document,1,graph - copy
E1,TrialList4,graph,copy,excel,3,graph - copy
E1,TrialList4,graph,copy,homework,3,graph - copy
E1,TrialList4,graph,copy,math,2,graph - copy
E1,TrialList4,graph,copy,Microsoft,1,graph - copy
E1,TrialList4,graph,copy,note,1,graph - copy
E1,TrialList4,graph,copy,number,1,graph - copy
E1,TrialList4,graph,copy,office,1,graph - copy
E1,TrialList4,graph,copy,paper,6,graph - copy
E1,TrialList4,graph,copy,photo,1,graph - copy
E1,TrialList4,graph,copy,program,1,graph - copy
E1,TrialList4,graph,copy,spreadsheet,2,graph - copy
E1,TrialList4,graph,copy,statistic,1,graph - copy
E1,TrialList4,graph,copy,work,1,graph - copy
E1,TrialList4,kitchen,egg,bacon,1,kitchen - egg
E1,TrialList4,kitchen,egg,bake,4,kitchen - egg
E1,TrialList4,kitchen,egg,breakfast,4,kitchen - egg
E1,TrialList4,kitchen,egg,chicken,1,kitchen - egg
E1,TrialList4,kitchen,egg,cook,15,kitchen - egg
E1,TrialList4,kitchen,egg,domestic,1,kitchen - egg
E1,TrialList4,kitchen,egg,food,1,kitchen - egg
E1,TrialList4,kitchen,egg,fry,2,kitchen - egg
E1,TrialList4,kitchen,egg,omelet,1,kitchen - egg
E1,TrialList4,kitchen,egg,scramble,1,kitchen - egg
E1,TrialList5,homeless,apartment,food,1,homeless - apartment
E1,TrialList5,homeless,apartment,gentrification,1,homeless - apartment
E1,TrialList5,homeless,apartment,hobo,1,homeless - apartment
E1,TrialList5,homeless,apartment,home,3,homeless - apartment
E1,TrialList5,homeless,apartment,house,12,homeless - apartment
E1,TrialList5,homeless,apartment,live,3,homeless - apartment
E1,TrialList5,homeless,apartment,living,1,homeless - apartment
E1,TrialList5,homeless,apartment,price control,1,homeless - apartment
E1,TrialList5,homeless,apartment,residence,1,homeless - apartment
E1,TrialList5,homeless,apartment,shelter,5,homeless - apartment
E1,TrialList5,homeless,apartment,sleep,1,homeless - apartment
E1,TrialList5,homeless,apartment,welfare,1,homeless - apartment
E1,TrialList5,near,astronaut,discover,1,near - astronaut
E1,TrialList5,near,astronaut,distance,2,near - astronaut
E1,TrialList5,near,astronaut,far,1,near - astronaut
E1,TrialList5,near,astronaut,land,1,near - astronaut
E1,TrialList5,near,astronaut,mars,2,near - astronaut
E1,TrialList5,near,astronaut,moon,3,near - astronaut
E1,TrialList5,near,astronaut,NASA,1,near - astronaut
E1,TrialList5,near,astronaut,orbit,1,near - astronaut
E1,TrialList5,near,astronaut,rocket,1,near - astronaut
E1,TrialList5,near,astronaut,space,15,near - astronaut
E1,TrialList5,near,astronaut,space station,1,near - astronaut
E1,TrialList5,near,astronaut,spatial,1,near - astronaut
E1,TrialList5,near,astronaut,train,1,near - astronaut
E1,TrialList5,onion,cigarette,breath,1,onion - cigarette
E1,TrialList5,onion,cigarette,burn,2,onion - cigarette
E1,TrialList5,onion,cigarette,cough,1,onion - cigarette
E1,TrialList5,onion,cigarette,cry,1,onion - cigarette
E1,TrialList5,onion,cigarette,disgust,1,onion - cigarette
E1,TrialList5,onion,cigarette,gross,3,onion - cigarette
E1,TrialList5,onion,cigarette,halitosis,1,onion - cigarette
E1,TrialList5,onion,cigarette,heat,1,onion - cigarette
E1,TrialList5,onion,cigarette,lung,1,onion - cigarette
E1,TrialList5,onion,cigarette,mouth,1,onion - cigarette
E1,TrialList5,onion,cigarette,odor,2,onion - cigarette
E1,TrialList5,onion,cigarette,plant,1,onion - cigarette
E1,TrialList5,onion,cigarette,pungent,1,onion - cigarette
E1,TrialList5,onion,cigarette,smell,10,onion - cigarette
E1,TrialList5,onion,cigarette,smelly,1,onion - cigarette
E1,TrialList5,onion,cigarette,stink,2,onion - cigarette
E1,TrialList5,onion,cigarette,strong,1,onion - cigarette
E1,TrialList6,definition,assist,clarify,1,definition - assist
E1,TrialList6,definition,assist,dictionary,12,definition - assist
E1,TrialList6,definition,assist,explain,3,definition - assist
E1,TrialList6,definition,assist,help,5,definition - assist
E1,TrialList6,definition,assist,helpful,1,definition - assist
E1,TrialList6,definition,assist,instructor,1,definition - assist
E1,TrialList6,definition,assist,reference,1,definition - assist
E1,TrialList6,definition,assist,rondo,1,definition - assist
E1,TrialList6,definition,assist,synonym,2,definition - assist
E1,TrialList6,definition,assist,teach,2,definition - assist
E1,TrialList6,definition,assist,thesaurus,1,definition - assist
E1,TrialList6,definition,assist,vocabulary,1,definition - assist
E1,TrialList6,pants,collar,apparel,1,pants - collar
E1,TrialList6,pants,collar,attire,1,pants - collar
E1,TrialList6,pants,collar,belt,1,pants - collar
E1,TrialList6,pants,collar,cloth,2,pants - collar
E1,TrialList6,pants,collar,clothes,22,pants - collar
E1,TrialList6,pants,collar,shirt,2,pants - collar
E1,TrialList6,pants,collar,suit,2,pants - collar
E1,TrialList6,war,quiet,apocalypse,1,war - quiet
E1,TrialList6,war,quiet,battle,1,war - quiet
E1,TrialList6,war,quiet,battlefield,1,war - quiet
E1,TrialList6,war,quiet,ceasefire,2,war - quiet
E1,TrialList6,war,quiet,death,1,war - quiet
E1,TrialList6,war,quiet,disagreement,1,war - quiet
E1,TrialList6,war,quiet,drone,1,war - quiet
E1,TrialList6,war,quiet,fight,3,war - quiet
E1,TrialList6,war,quiet,loud,1,war - quiet
E1,TrialList6,war,quiet,melancholy,1,war - quiet
E1,TrialList6,war,quiet,negotiate,1,war - quiet
E1,TrialList6,war,quiet,nerve-racking,1,war - quiet
E1,TrialList6,war,quiet,noise,1,war - quiet
E1,TrialList6,war,quiet,nuclear,1,war - quiet
E1,TrialList6,war,quiet,peace,5,war - quiet
E1,TrialList6,war,quiet,settlement,1,war - quiet
E1,TrialList6,war,quiet,silence,1,war - quiet
E1,TrialList6,war,quiet,silent,2,war - quiet
E1,TrialList6,war,quiet,spies,1,war - quiet
E1,TrialList6,war,quiet,stealth,2,war - quiet
E1,TrialList6,war,quiet,veteran,1,war - quiet
E1,TrialList6,war,quiet,yell,1,war - quiet
E1,TrialList7,flat,alike,affect,1,flat - alike
E1,TrialList7,flat,alike,angle,1,flat - alike
E1,TrialList7,flat,alike,bland,1,flat - alike
E1,TrialList7,flat,alike,boring,1,flat - alike
E1,TrialList7,flat,alike,comparison,1,flat - alike
E1,TrialList7,flat,alike,description,1,flat - alike
E1,TrialList7,flat,alike,desert,1,flat - alike
E1,TrialList7,flat,alike,feet,1,flat - alike
E1,TrialList7,flat,alike,geometric,1,flat - alike
E1,TrialList7,flat,alike,Kansas,1,flat - alike
E1,TrialList7,flat,alike,pancake,2,flat - alike
E1,TrialList7,flat,alike,paper,2,flat - alike
E1,TrialList7,flat,alike,plain,1,flat - alike
E1,TrialList7,flat,alike,plateau,1,flat - alike
E1,TrialList7,flat,alike,same,2,flat - alike
E1,TrialList7,flat,alike,shoe,1,flat - alike
E1,TrialList7,flat,alike,sidewalk,1,flat - alike
E1,TrialList7,flat,alike,similar,5,flat - alike
E1,TrialList7,flat,alike,smooth,1,flat - alike
E1,TrialList7,flat,alike,Stanley,1,flat - alike
E1,TrialList7,flat,alike,tire,1,flat - alike
E1,TrialList7,flat,alike,unchanging,1,flat - alike
E1,TrialList7,flat,alike,uniform,1,flat - alike
E1,TrialList7,flat,alike,wall,1,flat - alike
E1,TrialList7,heavy,feather,antonym,1,heavy - feather
E1,TrialList7,heavy,feather,eagle,1,heavy - feather
E1,TrialList7,heavy,feather,float,1,heavy - feather
E1,TrialList7,heavy,feather,heart,1,heavy - feather
E1,TrialList7,heavy,feather,light,2,heavy - feather
E1,TrialList7,heavy,feather,lightweight,1,heavy - feather
E1,TrialList7,heavy,feather,might,1,heavy - feather
E1,TrialList7,heavy,feather,opposite,4,heavy - feather
E1,TrialList7,heavy,feather,ostrich,1,heavy - feather
E1,TrialList7,heavy,feather,oxymoron,1,heavy - feather
E1,TrialList7,heavy,feather,penguin,1,heavy - feather
E1,TrialList7,heavy,feather,pound,1,heavy - feather
E1,TrialList7,heavy,feather,weight,14,heavy - feather
E1,TrialList7,heavy,feather,weightless,1,heavy - feather
E1,TrialList7,perjury,adultery,cheat,1,perjury - adultery
E1,TrialList7,perjury,adultery,court,2,perjury - adultery
E1,TrialList7,perjury,adultery,courtroom,1,perjury - adultery
E1,TrialList7,perjury,adultery,crime,12,perjury - adultery
E1,TrialList7,perjury,adultery,illegal,1,perjury - adultery
E1,TrialList7,perjury,adultery,law,1,perjury - adultery
E1,TrialList7,perjury,adultery,lawsuit,1,perjury - adultery
E1,TrialList7,perjury,adultery,naughty,1,perjury - adultery
E1,TrialList7,perjury,adultery,sin,8,perjury - adultery
E1,TrialList7,perjury,adultery,Trump,1,perjury - adultery
E1,TrialList7,perjury,adultery,wrong,1,perjury - adultery
E1,TrialList7,perjury,adultery,wrongdoing,1,perjury - adultery
E1,TrialList8,bad,actress,attitude,1,bad - actress
E1,TrialList8,bad,actress,boo,3,bad - actress
E1,TrialList8,bad,actress,c{-}list,1,bad - actress
E1,TrialList8,bad,actress,cringeworthy,1,bad - actress
E1,TrialList8,bad,actress,critic,2,bad - actress
E1,TrialList8,bad,actress,drama,1,bad - actress
E1,TrialList8,bad,actress,failure,1,bad - actress
E1,TrialList8,bad,actress,fake,1,bad - actress
E1,TrialList8,bad,actress,film,1,bad - actress
E1,TrialList8,bad,actress,imitator,1,bad - actress
E1,TrialList8,bad,actress,monologue,1,bad - actress
E1,TrialList8,bad,actress,movie,6,bad - actress
E1,TrialList8,bad,actress,music,1,bad - actress
E1,TrialList8,bad,actress,nepotism,1,bad - actress
E1,TrialList8,bad,actress,Riverdale,1,bad - actress
E1,TrialList8,bad,actress,rot,1,bad - actress
E1,TrialList8,bad,actress,rotten tomatoes,2,bad - actress
E1,TrialList8,bad,actress,soap opera,1,bad - actress
E1,TrialList8,bad,actress,television,1,bad - actress
E1,TrialList8,bad,actress,terrible,1,bad - actress
E1,TrialList8,bad,actress,Vanessa Hudgens,1,bad - actress
E1,TrialList8,bad,actress,villain,1,bad - actress
E1,TrialList8,breeze,bubble,air,5,breeze - bubble
E1,TrialList8,breeze,bubble,bath,1,breeze - bubble
E1,TrialList8,breeze,bubble,beach,1,breeze - bubble
E1,TrialList8,breeze,bubble,blow,7,breeze - bubble
E1,TrialList8,breeze,bubble,effect,1,breeze - bubble
E1,TrialList8,breeze,bubble,float,3,breeze - bubble
E1,TrialList8,breeze,bubble,gentle,1,breeze - bubble
E1,TrialList8,breeze,bubble,light,2,breeze - bubble
E1,TrialList8,breeze,bubble,ocean,1,breeze - bubble
E1,TrialList8,breeze,bubble,outside,1,breeze - bubble
E1,TrialList8,breeze,bubble,relax,1,breeze - bubble
E1,TrialList8,breeze,bubble,sea,1,breeze - bubble
E1,TrialList8,breeze,bubble,soap,2,breeze - bubble
E1,TrialList8,breeze,bubble,spring,1,breeze - bubble
E1,TrialList8,breeze,bubble,wind,3,breeze - bubble
E1,TrialList8,communicate,cooking,bake,2,communicate - cooking
E1,TrialList8,communicate,cooking,book,1,communicate - cooking
E1,TrialList8,communicate,cooking,chef,2,communicate - cooking
E1,TrialList8,communicate,cooking,competition,1,communicate - cooking
E1,TrialList8,communicate,cooking,cultural,1,communicate - cooking
E1,TrialList8,communicate,cooking,culture,1,communicate - cooking
E1,TrialList8,communicate,cooking,food,1,communicate - cooking
E1,TrialList8,communicate,cooking,kitchen,3,communicate - cooking
E1,TrialList8,communicate,cooking,list,1,communicate - cooking
E1,TrialList8,communicate,cooking,mother,1,communicate - cooking
E1,TrialList8,communicate,cooking,partner,1,communicate - cooking
E1,TrialList8,communicate,cooking,practice,1,communicate - cooking
E1,TrialList8,communicate,cooking,Ramsey,1,communicate - cooking
E1,TrialList8,communicate,cooking,recipe,9,communicate - cooking
E1,TrialList8,communicate,cooking,show,2,communicate - cooking
E1,TrialList8,communicate,cooking,talk,1,communicate - cooking
E1,TrialList8,communicate,cooking,tell,1,communicate - cooking
E1,TrialList8,communicate,cooking,video,1,communicate - cooking
E1,TrialList9,bat,bounce,ball,10,bat - bounce
E1,TrialList9,bat,bounce,baseball,14,bat - bounce
E1,TrialList9,bat,bounce,echolocation,1,bat - bounce
E1,TrialList9,bat,bounce,fly,2,bat - bounce
E1,TrialList9,bat,bounce,groundball,1,bat - bounce
E1,TrialList9,bat,bounce,hero,1,bat - bounce
E1,TrialList9,bat,bounce,move,1,bat - bounce
E1,TrialList9,bat,bounce,sport,1,bat - bounce
E1,TrialList9,lunch,almond,allergy,1,lunch - almond
E1,TrialList9,lunch,almond,food,14,lunch - almond
E1,TrialList9,lunch,almond,health,3,lunch - almond
E1,TrialList9,lunch,almond,milk,1,lunch - almond
E1,TrialList9,lunch,almond,nut,2,lunch - almond
E1,TrialList9,lunch,almond,nutrition,1,lunch - almond
E1,TrialList9,lunch,almond,peanut,1,lunch - almond
E1,TrialList9,lunch,almond,sandwich,1,lunch - almond
E1,TrialList9,lunch,almond,snack,7,lunch - almond
E1,TrialList9,toes,Dracula,blood,5,toes - Dracula
E1,TrialList9,toes,Dracula,body,2,toes - Dracula
E1,TrialList9,toes,Dracula,claw,2,toes - Dracula
E1,TrialList9,toes,Dracula,count,3,toes - Dracula
E1,TrialList9,toes,Dracula,creepy,1,toes - Dracula
E1,TrialList9,toes,Dracula,fetish,1,toes - Dracula
E1,TrialList9,toes,Dracula,freak,1,toes - Dracula
E1,TrialList9,toes,Dracula,ground,1,toes - Dracula
E1,TrialList9,toes,Dracula,human,2,toes - Dracula
E1,TrialList9,toes,Dracula,person,1,toes - Dracula
E1,TrialList9,toes,Dracula,scary,1,toes - Dracula
E1,TrialList9,toes,Dracula,stub,1,toes - Dracula
E1,TrialList9,toes,Dracula,suck,2,toes - Dracula
E1,TrialList9,toes,Dracula,teeth,1,toes - Dracula
E1,TrialList9,toes,Dracula,twilight,1,toes - Dracula
E1,TrialList9,toes,Dracula,ugly,1,toes - Dracula
E1,TrialList9,toes,Dracula,vampire,4,toes - Dracula
E1,TrialList9,toes,Dracula,vein,1,toes - Dracula
E2,TrialList1,cave,knight,adventure,2,cave - knight
E2,TrialList1,cave,knight,Batman,1,cave - knight
E2,TrialList1,cave,knight,castle,1,cave - knight
E2,TrialList1,cave,knight,dark,8,cave - knight
E2,TrialList1,cave,knight,darkness,2,cave - knight
E2,TrialList1,cave,knight,dragon,8,cave - knight
E2,TrialList1,cave,knight,dungeon,4,cave - knight
E2,TrialList1,cave,knight,hide,1,cave - knight
E2,TrialList1,cave,knight,kingdom,1,cave - knight
E2,TrialList1,cave,knight,medieval,7,cave - knight
E2,TrialList1,cave,knight,monster,1,cave - knight
E2,TrialList1,cave,knight,opposite,1,cave - knight
E2,TrialList1,cave,knight,protection,1,cave - knight
E2,TrialList1,cave,knight,quest,1,cave - knight
E2,TrialList1,cave,knight,soldier,1,cave - knight
E2,TrialList1,cave,knight,valor,1,cave - knight
E2,TrialList1,cave,knight,warrior,2,cave - knight
E2,TrialList1,cave,knight,warrior{space}tunnel,1,cave - knight
E2,TrialList1,quick,glow,comet,1,quick - glow
E2,TrialList1,quick,glow,explosion,1,quick - glow
E2,TrialList1,quick,glow,fire,1,quick - glow
E2,TrialList1,quick,glow,firefly,11,quick - glow
E2,TrialList1,quick,glow,firework,1,quick - glow
E2,TrialList1,quick,glow,flare,1,quick - glow
E2,TrialList1,quick,glow,flash,7,quick - glow
E2,TrialList1,quick,glow,flashlight,2,quick - glow
E2,TrialList1,quick,glow,flicker,1,quick - glow
E2,TrialList1,quick,glow,laser,1,quick - glow
E2,TrialList1,quick,glow,light,6,quick - glow
E2,TrialList1,quick,glow,lightening,1,quick - glow
E2,TrialList1,quick,glow,lightning,2,quick - glow
E2,TrialList1,quick,glow,match,1,quick - glow
E2,TrialList1,quick,glow,neon,1,quick - glow
E2,TrialList1,quick,glow,shine,1,quick - glow
E2,TrialList1,quick,glow,shine{space}fast,1,quick - glow
E2,TrialList1,quick,glow,silver,1,quick - glow
E2,TrialList1,quick,glow,spark,3,quick - glow
E2,TrialList1,tree,oak,acorn,3,tree - oak
E2,TrialList1,tree,oak,arbor,4,tree - oak
E2,TrialList1,tree,oak,bark,1,tree - oak
E2,TrialList1,tree,oak,branch,1,tree - oak
E2,TrialList1,tree,oak,climb,1,tree - oak
E2,TrialList1,tree,oak,deciduous,1,tree - oak
E2,TrialList1,tree,oak,foliage,2,tree - oak
E2,TrialList1,tree,oak,forest,4,tree - oak
E2,TrialList1,tree,oak,green,2,tree - oak
E2,TrialList1,tree,oak,leaf,4,tree - oak
E2,TrialList1,tree,oak,maple,1,tree - oak
E2,TrialList1,tree,oak,nature,2,tree - oak
E2,TrialList1,tree,oak,photosynthesis,1,tree - oak
E2,TrialList1,tree,oak,plant,4,tree - oak
E2,TrialList1,tree,oak,Quercus,1,tree - oak
E2,TrialList1,tree,oak,root,1,tree - oak
E2,TrialList1,tree,oak,squirrel,2,tree - oak
E2,TrialList1,tree,oak,sturdy,1,tree - oak
E2,TrialList1,tree,oak,sycamore,1,tree - oak
E2,TrialList1,tree,oak,tree,1,tree - oak
E2,TrialList1,tree,oak,wood,5,tree - oak
E2,TrialList1,tree,oak,wood{space}plant,1,tree - oak
E2,TrialList10,chair,table,desk,3,chair - table
E2,TrialList10,chair,table,dine,8,chair - table
E2,TrialList10,chair,table,dining,1,chair - table
E2,TrialList10,chair,table,dining room,1,chair - table
E2,TrialList10,chair,table,dinner,6,chair - table
E2,TrialList10,chair,table,furniture,16,chair - table
E2,TrialList10,chair,table,household,1,chair - table
E2,TrialList10,chair,table,kitchen,2,chair - table
E2,TrialList10,chair,table,mealtime,1,chair - table
E2,TrialList10,chair,table,seat,4,chair - table
E2,TrialList10,chair,table,sit,1,chair - table
E2,TrialList10,feet,chapel,aisle,1,feet - chapel
E2,TrialList10,feet,chapel,baptism,2,feet - chapel
E2,TrialList10,feet,chapel,bare,2,feet - chapel
E2,TrialList10,feet,chapel,Catholicism,1,feet - chapel
E2,TrialList10,feet,chapel,church,2,feet - chapel
E2,TrialList10,feet,chapel,churchgoer,1,feet - chapel
E2,TrialList10,feet,chapel,churchyard,1,feet - chapel
E2,TrialList10,feet,chapel,cleanse,1,feet - chapel
E2,TrialList10,feet,chapel,David,1,feet - chapel
E2,TrialList10,feet,chapel,foot,1,feet - chapel
E2,TrialList10,feet,chapel,god,1,feet - chapel
E2,TrialList10,feet,chapel,ground,1,feet - chapel
E2,TrialList10,feet,chapel,holy,2,feet - chapel
E2,TrialList10,feet,chapel,Jesus,3,feet - chapel
E2,TrialList10,feet,chapel,kneel,3,feet - chapel
E2,TrialList10,feet,chapel,marble,1,feet - chapel
E2,TrialList10,feet,chapel,miracle,1,feet - chapel
E2,TrialList10,feet,chapel,mosque,1,feet - chapel
E2,TrialList10,feet,chapel,penny loafers,1,feet - chapel
E2,TrialList10,feet,chapel,pilgrimage,2,feet - chapel
E2,TrialList10,feet,chapel,pope,1,feet - chapel
E2,TrialList10,feet,chapel,prayer,2,feet - chapel
E2,TrialList10,feet,chapel,religious,1,feet - chapel
E2,TrialList10,feet,chapel,sandals,1,feet - chapel
E2,TrialList10,feet,chapel,shoe,1,feet - chapel
E2,TrialList10,feet,chapel,stand,1,feet - chapel
E2,TrialList10,feet,chapel,walk,1,feet - chapel
E2,TrialList10,feet,chapel,waltz,1,feet - chapel
E2,TrialList10,feet,chapel,wash,3,feet - chapel
E2,TrialList10,feet,chapel,worship,3,feet - chapel
E2,TrialList10,garage,bone,back,1,garage - bone
E2,TrialList10,garage,bone,barbecue,1,garage - bone
E2,TrialList10,garage,bone,build,1,garage - bone
E2,TrialList10,garage,bone,car,2,garage - bone
E2,TrialList10,garage,bone,dog,10,garage - bone
E2,TrialList10,garage,bone,doghouse,5,garage - bone
E2,TrialList10,garage,bone,door,1,garage - bone
E2,TrialList10,garage,bone,drum,1,garage - bone
E2,TrialList10,garage,bone,epidermis,1,garage - bone
E2,TrialList10,garage,bone,fill,1,garage - bone
E2,TrialList10,garage,bone,kennel,1,garage - bone
E2,TrialList10,garage,bone,milk,1,garage - bone
E2,TrialList10,garage,bone,motorcycle,2,garage - bone
E2,TrialList10,garage,bone,remains,1,garage - bone
E2,TrialList10,garage,bone,saw,1,garage - bone
E2,TrialList10,garage,bone,skeleton,2,garage - bone
E2,TrialList10,garage,bone,snoopy,1,garage - bone
E2,TrialList10,garage,bone,spooky,1,garage - bone
E2,TrialList10,garage,bone,storage,5,garage - bone
E2,TrialList10,garage,bone,structure,1,garage - bone
E2,TrialList10,garage,bone,tool,1,garage - bone
E2,TrialList10,garage,bone,trash,2,garage - bone
E2,TrialList10,garage,bone,underground,1,garage - bone
E2,TrialList2,gold,silver,bronze,3,gold - silver
E2,TrialList2,gold,silver,coin,1,gold - silver
E2,TrialList2,gold,silver,commodity,1,gold - silver
E2,TrialList2,gold,silver,currency,1,gold - silver
E2,TrialList2,gold,silver,element,6,gold - silver
E2,TrialList2,gold,silver,grey{space}24k,1,gold - silver
E2,TrialList2,gold,silver,jewelry,2,gold - silver
E2,TrialList2,gold,silver,luxury,1,gold - silver
E2,TrialList2,gold,silver,medal,2,gold - silver
E2,TrialList2,gold,silver,metal,20,gold - silver
E2,TrialList2,gold,silver,money,1,gold - silver
E2,TrialList2,gold,silver,precious,3,gold - silver
E2,TrialList2,gold,silver,treasure,1,gold - silver
E2,TrialList2,gold,silver,valuable,1,gold - silver
E2,TrialList2,stern,wind,air,2,stern - wind
E2,TrialList2,stern,wind,blow,1,stern - wind
E2,TrialList2,stern,wind,boat,5,stern - wind
E2,TrialList2,stern,wind,brisk,1,stern - wind
E2,TrialList2,stern,wind,cold,2,stern - wind
E2,TrialList2,stern,wind,fierce,1,stern - wind
E2,TrialList2,stern,wind,force,1,stern - wind
E2,TrialList2,stern,wind,galeforce,1,stern - wind
E2,TrialList2,stern,wind,harsh,4,stern - wind
E2,TrialList2,stern,wind,horn,1,stern - wind
E2,TrialList2,stern,wind,hurricane,2,stern - wind
E2,TrialList2,stern,wind,sail,6,stern - wind
E2,TrialList2,stern,wind,sailboat,3,stern - wind
E2,TrialList2,stern,wind,ship,5,stern - wind
E2,TrialList2,stern,wind,strong,2,stern - wind
E2,TrialList2,stern,wind,tornado,2,stern - wind
E2,TrialList2,stern,wind,tough,1,stern - wind
E2,TrialList2,stern,wind,weather,1,stern - wind
E2,TrialList2,stern,wind,whip,2,stern - wind
E2,TrialList2,stern,wind,wind,1,stern - wind
E2,TrialList2,sun,bowl,autoclave,1,sun - bowl
E2,TrialList2,sun,bowl,breakfast,4,sun - bowl
E2,TrialList2,sun,bowl,cereal,1,sun - bowl
E2,TrialList2,sun,bowl,chip,1,sun - bowl
E2,TrialList2,sun,bowl,circle,4,sun - bowl
E2,TrialList2,sun,bowl,contain,1,sun - bowl
E2,TrialList2,sun,bowl,curvature,1,sun - bowl
E2,TrialList2,sun,bowl,football,1,sun - bowl
E2,TrialList2,sun,bowl,heat,1,sun - bowl
E2,TrialList2,sun,bowl,i_dont_tihnk_t,1,sun - bowl
E2,TrialList2,sun,bowl,ice cream,1,sun - bowl
E2,TrialList2,sun,bowl,picnic,2,sun - bowl
E2,TrialList2,sun,bowl,plate,1,sun - bowl
E2,TrialList2,sun,bowl,plate{space}hot,1,sun - bowl
E2,TrialList2,sun,bowl,raisin,1,sun - bowl
E2,TrialList2,sun,bowl,raisin bran,1,sun - bowl
E2,TrialList2,sun,bowl,round,15,sun - bowl
E2,TrialList2,sun,bowl,set,1,sun - bowl
E2,TrialList2,sun,bowl,sphere,4,sun - bowl
E2,TrialList2,sun,bowl,sundae,1,sun - bowl
E2,TrialList3,holy,kind,angel,2,holy - kind
E2,TrialList3,holy,kind,charity,1,holy - kind
E2,TrialList3,holy,kind,Christ,1,holy - kind
E2,TrialList3,holy,kind,Christian,4,holy - kind
E2,TrialList3,holy,kind,church,3,holy - kind
E2,TrialList3,holy,kind,commandment,1,holy - kind
E2,TrialList3,holy,kind,commandments,1,holy - kind
E2,TrialList3,holy,kind,diet,1,holy - kind
E2,TrialList3,holy,kind,emotion,1,holy - kind
E2,TrialList3,holy,kind,generous,1,holy - kind
E2,TrialList3,holy,kind,good,1,holy - kind
E2,TrialList3,holy,kind,Jesus,6,holy - kind
E2,TrialList3,holy,kind,lesson,1,holy - kind
E2,TrialList3,holy,kind,moral,1,holy - kind
E2,TrialList3,holy,kind,nice,1,holy - kind
E2,TrialList3,holy,kind,nun,3,holy - kind
E2,TrialList3,holy,kind,preacher,1,holy - kind
E2,TrialList3,holy,kind,priest,4,holy - kind
E2,TrialList3,holy,kind,religion,1,holy - kind
E2,TrialList3,holy,kind,religious,2,holy - kind
E2,TrialList3,holy,kind,righteous,2,holy - kind
E2,TrialList3,holy,kind,saint,4,holy - kind
E2,TrialList3,holy,kind,virtue,1,holy - kind
E2,TrialList3,rude,regret,anger,2,rude - regret
E2,TrialList3,rude,regret,angry,2,rude - regret
E2,TrialList3,rude,regret,argument,3,rude - regret
E2,TrialList3,rude,regret,asshole,1,rude - regret
E2,TrialList3,rude,regret,attitude,1,rude - regret
E2,TrialList3,rude,regret,bad,1,rude - regret
E2,TrialList3,rude,regret,bully,1,rude - regret
E2,TrialList3,rude,regret,consequence,1,rude - regret
E2,TrialList3,rude,regret,fight,3,rude - regret
E2,TrialList3,rude,regret,guilt,1,rude - regret
E2,TrialList3,rude,regret,hindsight,1,rude - regret
E2,TrialList3,rude,regret,impression,1,rude - regret
E2,TrialList3,rude,regret,insult,1,rude - regret
E2,TrialList3,rude,regret,mean,6,rude - regret
E2,TrialList3,rude,regret,misbehave,1,rude - regret
E2,TrialList3,rude,regret,mistake,2,rude - regret
E2,TrialList3,rude,regret,negative,5,rude - regret
E2,TrialList3,rude,regret,re,1,rude - regret
E2,TrialList3,rude,regret,remorse,1,rude - regret
E2,TrialList3,rude,regret,road rage,1,rude - regret
E2,TrialList3,rude,regret,shame,2,rude - regret
E2,TrialList3,rude,regret,sin,1,rude - regret
E2,TrialList3,rude,regret,sorry,2,rude - regret
E2,TrialList3,rude,regret,tantrum,1,rude - regret
E2,TrialList3,rude,regret,upset,2,rude - regret
E2,TrialList3,teeth,gums,brush,1,teeth - gums
E2,TrialList3,teeth,gums,cavity,1,teeth - gums
E2,TrialList3,teeth,gums,dental,3,teeth - gums
E2,TrialList3,teeth,gums,dentist,7,teeth - gums
E2,TrialList3,teeth,gums,dentistry,1,teeth - gums
E2,TrialList3,teeth,gums,floss,4,teeth - gums
E2,TrialList3,teeth,gums,gingivitis,2,teeth - gums
E2,TrialList3,teeth,gums,mouth,23,teeth - gums
E2,TrialList3,teeth,gums,oral,1,teeth - gums
E2,TrialList3,teeth,gums,u,1,teeth - gums
E2,TrialList4,dream,bet,bed,1,dream - bet
E2,TrialList4,dream,bet,belief,1,dream - bet
E2,TrialList4,dream,bet,chance,2,dream - bet
E2,TrialList4,dream,bet,dopamine,1,dream - bet
E2,TrialList4,dream,bet,future,2,dream - bet
E2,TrialList4,dream,bet,gamble,7,dream - bet
E2,TrialList4,dream,bet,goal,5,dream - bet
E2,TrialList4,dream,bet,hope,1,dream - bet
E2,TrialList4,dream,bet,imagine,1,dream - bet
E2,TrialList4,dream,bet,lottery,4,dream - bet
E2,TrialList4,dream,bet,luck,1,dream - bet
E2,TrialList4,dream,bet,millionaire,1,dream - bet
E2,TrialList4,dream,bet,money,1,dream - bet
E2,TrialList4,dream,bet,nightmare,2,dream - bet
E2,TrialList4,dream,bet,predict,1,dream - bet
E2,TrialList4,dream,bet,rich,1,dream - bet
E2,TrialList4,dream,bet,risk,2,dream - bet
E2,TrialList4,dream,bet,stake,1,dream - bet
E2,TrialList4,dream,bet,uncertain,2,dream - bet
E2,TrialList4,dream,bet,Vegas,1,dream - bet
E2,TrialList4,dream,bet,win,1,dream - bet
E2,TrialList4,dream,bet,wish,3,dream - bet
E2,TrialList4,dream,bet,wishful,2,dream - bet
E2,TrialList4,jump,leap,air,1,jump - leap
E2,TrialList4,jump,leap,bounce,4,jump - leap
E2,TrialList4,jump,leap,cliff,2,jump - leap
E2,TrialList4,jump,leap,elevate,1,jump - leap
E2,TrialList4,jump,leap,faith,1,jump - leap
E2,TrialList4,jump,leap,frog,7,jump - leap
E2,TrialList4,jump,leap,height,3,jump - leap
E2,TrialList4,jump,leap,high,1,jump - leap
E2,TrialList4,jump,leap,hop,15,jump - leap
E2,TrialList4,jump,leap,lift,1,jump - leap
E2,TrialList4,jump,leap,motion,1,jump - leap
E2,TrialList4,jump,leap,move,1,jump - leap
E2,TrialList4,jump,leap,prance,1,jump - leap
E2,TrialList4,jump,leap,skip,1,jump - leap
E2,TrialList4,jump,leap,skydive,1,jump - leap
E2,TrialList4,jump,leap,trampoline,1,jump - leap
E2,TrialList4,jump,leap,upward,1,jump - leap
E2,TrialList4,jump,leap,vault,1,jump - leap
E2,TrialList4,travel,ankle,accelerate,1,travel - ankle
E2,TrialList4,travel,ankle,Achilles,1,travel - ankle
E2,TrialList4,travel,ankle,ale,1,travel - ankle
E2,TrialList4,travel,ankle,basketball,2,travel - ankle
E2,TrialList4,travel,ankle,boot,1,travel - ankle
E2,TrialList4,travel,ankle,break,1,travel - ankle
E2,TrialList4,travel,ankle,broken,1,travel - ankle
E2,TrialList4,travel,ankle,connector,1,travel - ankle
E2,TrialList4,travel,ankle,destination,1,travel - ankle
E2,TrialList4,travel,ankle,feet,2,travel - ankle
E2,TrialList4,travel,ankle,foot,2,travel - ankle
E2,TrialList4,travel,ankle,footpath,2,travel - ankle
E2,TrialList4,travel,ankle,getaway,1,travel - ankle
E2,TrialList4,travel,ankle,globetrotter,1,travel - ankle
E2,TrialList4,travel,ankle,hike,1,travel - ankle
E2,TrialList4,travel,ankle,joint,1,travel - ankle
E2,TrialList4,travel,ankle,leg,2,travel - ankle
E2,TrialList4,travel,ankle,movement,1,travel - ankle
E2,TrialList4,travel,ankle,plane,1,travel - ankle
E2,TrialList4,travel,ankle,rotate,1,travel - ankle
E2,TrialList4,travel,ankle,sandal,1,travel - ankle
E2,TrialList4,travel,ankle,shoe,1,travel - ankle
E2,TrialList4,travel,ankle,transportation,1,travel - ankle
E2,TrialList4,travel,ankle,trap,1,travel - ankle
E2,TrialList4,travel,ankle,trek,1,travel - ankle
E2,TrialList4,travel,ankle,trip,1,travel - ankle
E2,TrialList4,travel,ankle,twist,2,travel - ankle
E2,TrialList4,travel,ankle,vacation,1,travel - ankle
E2,TrialList4,travel,ankle,walk,10,travel - ankle
E2,TrialList5,hand,birth,baby,10,hand - birth
E2,TrialList5,hand,birth,body,5,hand - birth
E2,TrialList5,hand,birth,born,1,hand - birth
E2,TrialList5,hand,birth,c-section,1,hand - birth
E2,TrialList5,hand,birth,deliver,3,hand - birth
E2,TrialList5,hand,birth,doctor,1,hand - birth
E2,TrialList5,hand,birth,doula,1,hand - birth
E2,TrialList5,hand,birth,finger,2,hand - birth
E2,TrialList5,hand,birth,fingerprint,1,hand - birth
E2,TrialList5,hand,birth,first,1,hand - birth
E2,TrialList5,hand,birth,god,1,hand - birth
E2,TrialList5,hand,birth,human,2,hand - birth
E2,TrialList5,hand,birth,mark,1,hand - birth
E2,TrialList5,hand,birth,masturbate,1,hand - birth
E2,TrialList5,hand,birth,midwife,5,hand - birth
E2,TrialList5,hand,birth,mother,1,hand - birth
E2,TrialList5,hand,birth,newborn,1,hand - birth
E2,TrialList5,hand,birth,nurse,1,hand - birth
E2,TrialList5,hand,birth,right,1,hand - birth
E2,TrialList5,hand,birth,slap,1,hand - birth
E2,TrialList5,hand,birth,squeeze,1,hand - birth
E2,TrialList5,hand,birth,tradition,1,hand - birth
E2,TrialList5,hand,birth,vagina,1,hand - birth
E2,TrialList5,lion,tiger,animal,5,lion - tiger
E2,TrialList5,lion,tiger,bear,1,lion - tiger
E2,TrialList5,lion,tiger,beast,1,lion - tiger
E2,TrialList5,lion,tiger,cat,24,lion - tiger
E2,TrialList5,lion,tiger,cheetah,1,lion - tiger
E2,TrialList5,lion,tiger,feline,4,lion - tiger
E2,TrialList5,lion,tiger,mammal,1,lion - tiger
E2,TrialList5,lion,tiger,oh_my,1,lion - tiger
E2,TrialList5,lion,tiger,roar,3,lion - tiger
E2,TrialList5,lion,tiger,safari,1,lion - tiger
E2,TrialList5,lion,tiger,wildcat,1,lion - tiger
E2,TrialList5,lion,tiger,zoo,1,lion - tiger
E2,TrialList5,snake,ash,black,3,snake - ash
E2,TrialList5,snake,ash,burn,1,snake - ash
E2,TrialList5,snake,ash,camouflage,1,snake - ash
E2,TrialList5,snake,ash,camp,1,snake - ash
E2,TrialList5,snake,ash,charm,1,snake - ash
E2,TrialList5,snake,ash,cold blood,1,snake - ash
E2,TrialList5,snake,ash,death,3,snake - ash
E2,TrialList5,snake,ash,desert,1,snake - ash
E2,TrialList5,snake,ash,dirt,1,snake - ash
E2,TrialList5,snake,ash,dragon,2,snake - ash
E2,TrialList5,snake,ash,fireplace,1,snake - ash
E2,TrialList5,snake,ash,grey,1,snake - ash
E2,TrialList5,snake,ash,Hades,1,snake - ash
E2,TrialList5,snake,ash,hiss,2,snake - ash
E2,TrialList5,snake,ash,molt,1,snake - ash
E2,TrialList5,snake,ash,pit,2,snake - ash
E2,TrialList5,snake,ash,poison,6,snake - ash
E2,TrialList5,snake,ash,Pokemon,3,snake - ash
E2,TrialList5,snake,ash,punishment,1,snake - ash
E2,TrialList5,snake,ash,reptile,1,snake - ash
E2,TrialList5,snake,ash,reputation,1,snake - ash
E2,TrialList5,snake,ash,ritual,1,snake - ash
E2,TrialList5,snake,ash,scare,1,snake - ash
E2,TrialList5,snake,ash,slip,1,snake - ash
E2,TrialList5,snake,ash,slither,2,snake - ash
E2,TrialList5,snake,ash,sly,1,snake - ash
E2,TrialList5,snake,ash,tree,1,snake - ash
E2,TrialList5,snake,ash,volcano,1,snake - ash
E2,TrialList5,snake,ash,you,1,snake - ash
E2,TrialList6,crust,boot,blister,1,crust - boot
E2,TrialList6,crust,boot,callus,1,crust - boot
E2,TrialList6,crust,boot,desert,1,crust - boot
E2,TrialList6,crust,boot,dirt,5,crust - boot
E2,TrialList6,crust,boot,dirty,4,crust - boot
E2,TrialList6,crust,boot,earth,1,crust - boot
E2,TrialList6,crust,boot,fisherman,1,crust - boot
E2,TrialList6,crust,boot,footwear,1,crust - boot
E2,TrialList6,crust,boot,grime,1,crust - boot
E2,TrialList6,crust,boot,ground,1,crust - boot
E2,TrialList6,crust,boot,hike,2,crust - boot
E2,TrialList6,crust,boot,Italy,2,crust - boot
E2,TrialList6,crust,boot,item,1,crust - boot
E2,TrialList6,crust,boot,mud,13,crust - boot
E2,TrialList6,crust,boot,old,1,crust - boot
E2,TrialList6,crust,boot,pizza,1,crust - boot
E2,TrialList6,crust,boot,shoe,4,crust - boot
E2,TrialList6,crust,boot,sock,1,crust - boot
E2,TrialList6,crust,boot,sole,1,crust - boot
E2,TrialList6,crust,boot,upper,1,crust - boot
E2,TrialList6,elm,rock,backyard,1,elm - rock
E2,TrialList6,elm,rock,climb,1,elm - rock
E2,TrialList6,elm,rock,earth,1,elm - rock
E2,TrialList6,elm,rock,firm,1,elm - rock
E2,TrialList6,elm,rock,forest,3,elm - rock
E2,TrialList6,elm,rock,ground,1,elm - rock
E2,TrialList6,elm,rock,hard,3,elm - rock
E2,TrialList6,elm,rock,hardwood,1,elm - rock
E2,TrialList6,elm,rock,heavy,1,elm - rock
E2,TrialList6,elm,rock,inanimate,1,elm - rock
E2,TrialList6,elm,rock,landform,1,elm - rock
E2,TrialList6,elm,rock,landmark,1,elm - rock
E2,TrialList6,elm,rock,landscape,3,elm - rock
E2,TrialList6,elm,rock,lichen,1,elm - rock
E2,TrialList6,elm,rock,moss,1,elm - rock
E2,TrialList6,elm,rock,natural,1,elm - rock
E2,TrialList6,elm,rock,nature,11,elm - rock
E2,TrialList6,elm,rock,outcropping,1,elm - rock
E2,TrialList6,elm,rock,outdoor,1,elm - rock
E2,TrialList6,elm,rock,rigid,1,elm - rock
E2,TrialList6,elm,rock,root,1,elm - rock
E2,TrialList6,elm,rock,stone,2,elm - rock
E2,TrialList6,elm,rock,tree,2,elm - rock
E2,TrialList6,elm,rock,unmoving,1,elm - rock
E2,TrialList6,elm,rock,wood,2,elm - rock
E2,TrialList6,sit,stand,action,2,sit - stand
E2,TrialList6,sit,stand,chair,12,sit - stand
E2,TrialList6,sit,stand,command,1,sit - stand
E2,TrialList6,sit,stand,concert,1,sit - stand
E2,TrialList6,sit,stand,desk,2,sit - stand
E2,TrialList6,sit,stand,kneel,1,sit - stand
E2,TrialList6,sit,stand,lab,1,sit - stand
E2,TrialList6,sit,stand,leg,2,sit - stand
E2,TrialList6,sit,stand,legs,1,sit - stand
E2,TrialList6,sit,stand,move,1,sit - stand
E2,TrialList6,sit,stand,movement,2,sit - stand
E2,TrialList6,sit,stand,position,10,sit - stand
E2,TrialList6,sit,stand,posture,2,sit - stand
E2,TrialList6,sit,stand,s,1,sit - stand
E2,TrialList6,sit,stand,stationary,1,sit - stand
E2,TrialList6,sit,stand,still,2,sit - stand
E2,TrialList6,sit,stand,symphony,1,sit - stand
E2,TrialList6,sit,stand,up,1,sit - stand
E2,TrialList7,east,short,arrow,1,east - short
E2,TrialList7,east,short,Asian,2,east - short
E2,TrialList7,east,short,cardinal,1,east - short
E2,TrialList7,east,short,coast,1,east - short
E2,TrialList7,east,short,compass,1,east - short
E2,TrialList7,east,short,direction,14,east - short
E2,TrialList7,east,short,directionless,1,east - short
E2,TrialList7,east,short,distance,1,east - short
E2,TrialList7,east,short,identification,1,east - short
E2,TrialList7,east,short,Illinois,2,east - short
E2,TrialList7,east,short,inch,1,east - short
E2,TrialList7,east,short,Jersey,1,east - short
E2,TrialList7,east,short,magnitude,1,east - short
E2,TrialList7,east,short,measurement,1,east - short
E2,TrialList7,east,short,navigate,1,east - short
E2,TrialList7,east,short,origin,1,east - short
E2,TrialList7,east,short,physicality,1,east - short
E2,TrialList7,east,short,road,1,east - short
E2,TrialList7,east,short,simple,1,east - short
E2,TrialList7,east,short,small,2,east - short
E2,TrialList7,east,short,sunrise,2,east - short
E2,TrialList7,east,short,turn,1,east - short
E2,TrialList7,east,short,vector,3,east - short
E2,TrialList7,east,short,west,2,east - short
E2,TrialList7,glass,cage,animal,1,glass - cage
E2,TrialList7,glass,cage,aquarium,3,glass - cage
E2,TrialList7,glass,cage,bar,1,glass - cage
E2,TrialList7,glass,cage,barrier,2,glass - cage
E2,TrialList7,glass,cage,bird,1,glass - cage
E2,TrialList7,glass,cage,break,1,glass - cage
E2,TrialList7,glass,cage,breakout,1,glass - cage
E2,TrialList7,glass,cage,confine,1,glass - cage
E2,TrialList7,glass,cage,confines,1,glass - cage
E2,TrialList7,glass,cage,contain,1,glass - cage
E2,TrialList7,glass,cage,container,5,glass - cage
E2,TrialList7,glass,cage,containment,1,glass - cage
E2,TrialList7,glass,cage,encase,1,glass - cage
E2,TrialList7,glass,cage,exhibit,1,glass - cage
E2,TrialList7,glass,cage,fishtank,1,glass - cage
E2,TrialList7,glass,cage,fragile,1,glass - cage
E2,TrialList7,glass,cage,greenhouse,1,glass - cage
E2,TrialList7,glass,cage,louvre,1,glass - cage
E2,TrialList7,glass,cage,Nicholas,1,glass - cage
E2,TrialList7,glass,cage,pantomime,1,glass - cage
E2,TrialList7,glass,cage,prism,1,glass - cage
E2,TrialList7,glass,cage,prison,1,glass - cage
E2,TrialList7,glass,cage,shatter,1,glass - cage
E2,TrialList7,glass,cage,structure,1,glass - cage
E2,TrialList7,glass,cage,transparent,1,glass - cage
E2,TrialList7,glass,cage,trap,2,glass - cage
E2,TrialList7,glass,cage,view,1,glass - cage
E2,TrialList7,glass,cage,window,3,glass - cage
E2,TrialList7,glass,cage,zoo,5,glass - cage
E2,TrialList7,old,new,age,14,old - new
E2,TrialList7,old,new,condition,1,old - new
E2,TrialList7,old,new,cycle,1,old - new
E2,TrialList7,old,new,fresh,1,old - new
E2,TrialList7,old,new,friend,1,old - new
E2,TrialList7,old,new,generation,3,old - new
E2,TrialList7,old,new,god,1,old - new
E2,TrialList7,old,new,grandparent,1,old - new
E2,TrialList7,old,new,hand-me-down,1,old - new
E2,TrialList7,old,new,life,1,old - new
E2,TrialList7,old,new,memory,1,old - new
E2,TrialList7,old,new,midlife,1,old - new
E2,TrialList7,old,new,opposite,6,old - new
E2,TrialList7,old,new,quality,1,old - new
E2,TrialList7,old,new,restore,1,old - new
E2,TrialList7,old,new,shop,1,old - new
E2,TrialList7,old,new,temporal,1,old - new
E2,TrialList7,old,new,time,6,old - new
E2,TrialList7,old,new,use,1,old - new
E2,TrialList7,old,new,wedding,1,old - new
E2,TrialList8,army,drum,band,5,army - drum
E2,TrialList8,army,drum,battle,1,army - drum
E2,TrialList8,army,drum,battle cry,2,army - drum
E2,TrialList8,army,drum,battle{-}music,1,army - drum
E2,TrialList8,army,drum,beat,1,army - drum
E2,TrialList8,army,drum,bugle,1,army - drum
E2,TrialList8,army,drum,fighter,1,army - drum
E2,TrialList8,army,drum,march,13,army - drum
E2,TrialList8,army,drum,marching band,1,army - drum
E2,TrialList8,army,drum,militant,1,army - drum
E2,TrialList8,army,drum,military,7,army - drum
E2,TrialList8,army,drum,patriotism,1,army - drum
E2,TrialList8,army,drum,revolution,1,army - drum
E2,TrialList8,army,drum,soldier,2,army - drum
E2,TrialList8,army,drum,strike,1,army - drum
E2,TrialList8,army,drum,war,4,army - drum
E2,TrialList8,army,drum,wartime,1,army - drum
E2,TrialList8,giant,subtle,background,1,giant - subtle
E2,TrialList8,giant,subtle,beanstalk,1,giant - subtle
E2,TrialList8,giant,subtle,big,1,giant - subtle
E2,TrialList8,giant,subtle,Bigfoot,1,giant - subtle
E2,TrialList8,giant,subtle,broad,1,giant - subtle
E2,TrialList8,giant,subtle,cloud,1,giant - subtle
E2,TrialList8,giant,subtle,clue,1,giant - subtle
E2,TrialList8,giant,subtle,conspicuous,2,giant - subtle
E2,TrialList8,giant,subtle,difficult,1,giant - subtle
E2,TrialList8,giant,subtle,drastic,1,giant - subtle
E2,TrialList8,giant,subtle,elephant,2,giant - subtle
E2,TrialList8,giant,subtle,extreme,1,giant - subtle
E2,TrialList8,giant,subtle,flaw,1,giant - subtle
E2,TrialList8,giant,subtle,gentle,4,giant - subtle
E2,TrialList8,giant,subtle,gesture,1,giant - subtle
E2,TrialList8,giant,subtle,Hagrid,1,giant - subtle
E2,TrialList8,giant,subtle,hint,2,giant - subtle
E2,TrialList8,giant,subtle,huge,1,giant - subtle
E2,TrialList8,giant,subtle,mistake,1,giant - subtle
E2,TrialList8,giant,subtle,movement,1,giant - subtle
E2,TrialList8,giant,subtle,ninja,1,giant - subtle
E2,TrialList8,giant,subtle,noticeable,1,giant - subtle
E2,TrialList8,giant,subtle,obvious,2,giant - subtle
E2,TrialList8,giant,subtle,opposite,5,giant - subtle
E2,TrialList8,giant,subtle,oxymoron,1,giant - subtle
E2,TrialList8,giant,subtle,quiet,2,giant - subtle
E2,TrialList8,giant,subtle,size,2,giant - subtle
E2,TrialList8,giant,subtle,subdue,1,giant - subtle
E2,TrialList8,giant,subtle,sun,1,giant - subtle
E2,TrialList8,giant,subtle,unfathomable,1,giant - subtle
E2,TrialList8,giant,subtle,unnoticed,1,giant - subtle
E2,TrialList8,happy,sad,bipolar,1,happy - sad
E2,TrialList8,happy,sad,emotion,35,happy - sad
E2,TrialList8,happy,sad,feeling,2,happy - sad
E2,TrialList8,happy,sad,marriage,1,happy - sad
E2,TrialList8,happy,sad,mood,4,happy - sad
E2,TrialList8,happy,sad,oppose,1,happy - sad
E2,TrialList9,candle,wick,blank,1,candle - wick
E2,TrialList9,candle,wick,board,1,candle - wick
E2,TrialList9,candle,wick,burn,8,candle - wick
E2,TrialList9,candle,wick,cake,1,candle - wick
E2,TrialList9,candle,wick,fire,1,candle - wick
E2,TrialList9,candle,wick,flame,14,candle - wick
E2,TrialList9,candle,wick,holiday,1,candle - wick
E2,TrialList9,candle,wick,it,1,candle - wick
E2,TrialList9,candle,wick,lamp,1,candle - wick
E2,TrialList9,candle,wick,light,7,candle - wick
E2,TrialList9,candle,wick,match,2,candle - wick
E2,TrialList9,candle,wick,melt,1,candle - wick
E2,TrialList9,candle,wick,smell,1,candle - wick
E2,TrialList9,candle,wick,wax,4,candle - wick
E2,TrialList9,olive,real,branch,1,olive - real
E2,TrialList9,olive,real,eat,2,olive - real
E2,TrialList9,olive,real,edible,2,olive - real
E2,TrialList9,olive,real,food,7,olive - real
E2,TrialList9,olive,real,genuine,1,olive - real
E2,TrialList9,olive,real,Greece,1,olive - real
E2,TrialList9,olive,real,green,2,olive - real
E2,TrialList9,olive,real,grow,1,olive - real
E2,TrialList9,olive,real,health,1,olive - real
E2,TrialList9,olive,real,Italian,1,olive - real
E2,TrialList9,olive,real,martini,4,olive - real
E2,TrialList9,olive,real,natural,1,olive - real
E2,TrialList9,olive,real,nonfiction,1,olive - real
E2,TrialList9,olive,real,nongmo,1,olive - real
E2,TrialList9,olive,real,oil,5,olive - real
E2,TrialList9,olive,real,organic,3,olive - real
E2,TrialList9,olive,real,pit,1,olive - real
E2,TrialList9,olive,real,salt,1,olive - real
E2,TrialList9,olive,real,skin,1,olive - real
E2,TrialList9,olive,real,taste,2,olive - real
E2,TrialList9,olive,real,tree,1,olive - real
E2,TrialList9,olive,real,truth,1,olive - real
E2,TrialList9,olive,real,unsugarcoated,1,olive - real
E2,TrialList9,olive,real,vegetable,1,olive - real
E2,TrialList9,olive,real,virgin,1,olive - real
E2,TrialList9,weird,trauma,{shift}olive{-}realo,1,weird - trauma
E2,TrialList9,weird,trauma,abnormal,2,weird - trauma
E2,TrialList9,weird,trauma,accident,1,weird - trauma
E2,TrialList9,weird,trauma,clown,1,weird - trauma
E2,TrialList9,weird,trauma,concussion,1,weird - trauma
E2,TrialList9,weird,trauma,crazy,1,weird - trauma
E2,TrialList9,weird,trauma,creepy,1,weird - trauma
E2,TrialList9,weird,trauma,difficult,1,weird - trauma
E2,TrialList9,weird,trauma,dysfunction,1,weird - trauma
E2,TrialList9,weird,trauma,eerie,1,weird - trauma
E2,TrialList9,weird,trauma,emergency,1,weird - trauma
E2,TrialList9,weird,trauma,feeling,2,weird - trauma
E2,TrialList9,weird,trauma,hallucination,1,weird - trauma
E2,TrialList9,weird,trauma,horror,1,weird - trauma
E2,TrialList9,weird,trauma,hospital,1,weird - trauma
E2,TrialList9,weird,trauma,hurt,1,weird - trauma
E2,TrialList9,weird,trauma,incident,1,weird - trauma
E2,TrialList9,weird,trauma,injury,1,weird - trauma
E2,TrialList9,weird,trauma,insanity,1,weird - trauma
E2,TrialList9,weird,trauma,memorable,2,weird - trauma
E2,TrialList9,weird,trauma,minority,1,weird - trauma
E2,TrialList9,weird,trauma,misdiagnosis,1,weird - trauma
E2,TrialList9,weird,trauma,nightmare,2,weird - trauma
E2,TrialList9,weird,trauma,paranormal,1,weird - trauma
E2,TrialList9,weird,trauma,psychoanalysis,1,weird - trauma
E2,TrialList9,weird,trauma,PTSD,2,weird - trauma
E2,TrialList9,weird,trauma,rollercoaster,1,weird - trauma
E2,TrialList9,weird,trauma,scar,1,weird - trauma
E2,TrialList9,weird,trauma,school,1,weird - trauma
E2,TrialList9,weird,trauma,shock,3,weird - trauma
E2,TrialList9,weird,trauma,stab,1,weird - trauma
E2,TrialList9,weird,trauma,strange,1,weird - trauma
E2,TrialList9,weird,trauma,trigger,1,weird - trauma
E2,TrialList9,weird,trauma,uncomfortable,2,weird - trauma
E2,TrialList9,weird,trauma,unusual,1,weird - trauma
E2,TrialList9,weird,trauma,you,1,weird - trauma